profile	script	exit_status	report	verdict	note
transfer-w4	benchmark:transfer:w4	1	missing	FAIL	missing-fresh-report
transfer-w1	benchmark:transfer:w1	1	missing	FAIL	missing-fresh-report
transfer-w2	benchmark:transfer:w2	1	missing	FAIL	setup-failed
functionality	benchmark:functionality	1	missing	FAIL	missing-fresh-report
boundary-path	benchmark:boundary	1	missing	FAIL	missing-fresh-report
authorization	benchmark:authorization	1	missing	FAIL	missing-fresh-report
transfer-repeat	benchmark:transfer:repeat	1	missing	FAIL	missing-fresh-report
negative-path	benchmark:negative	1	missing	FAIL	missing-fresh-report
aggregate-overspend	benchmark:adversarial	1	missing	FAIL	missing-fresh-report
