profile	script	exit_status	report	verdict	note	success	failed
transfer-w4	benchmark:transfer:w4	0	missing	FAIL	missing-fresh-report	0	0
transfer-w1	benchmark:transfer:w1	0	present	MEASURED_WITH_FAILURES	caliper-report-failures	0	0
transfer-w2	benchmark:transfer:w2	1	missing	FAIL	setup-failed	0	0
functionality	benchmark:functionality	1	missing	FAIL	setup-failed	0	0
boundary-path	benchmark:boundary	0	present	PASS	boundary-oracle-confirmed	4	4
authorization	benchmark:authorization	0	present	PASS	custody-oracle-confirmed	2	1
transfer-repeat	benchmark:transfer:repeat	1	missing	FAIL	missing-fresh-report	0	0
negative-path	benchmark:negative	0	missing	FAIL	missing-fresh-report	0	0
aggregate-overspend	benchmark:adversarial	1	missing	FAIL	setup-failed	0	0
